method,n,coverage_mean,coverage_se,nmse_mean,nmse_se,scaled_remainder_mean,scaled_remainder_se
ema_05,4999,0.466,0.028857714337204132,43.96025247358069,8.321797255283435,20.586692695233936,1.8468065563708003
ema_05,5402,0.474,0.028199147490516784,40.76816260836523,7.6913666871278945,19.82019655833471,1.7644739125324933
ema_05,5837,0.48100000000000004,0.02841592241094148,37.89099726449398,7.130834890217285,19.135961138652902,1.683907532284542
ema_05,6306,0.484,0.02830997254422098,35.23804094430934,6.62044794193407,18.494180823200534,1.6248674979444702
ema_05,6814,0.494,0.028878708384894886,32.7995594551649,6.150483330910835,17.772609044450892,1.5547559914559588
ema_05,7362,0.491,0.028216156987646547,30.541365213747067,5.722195908178795,17.16378375293189,1.492729779618086
ema_05,7955,0.496,0.028245675453389,28.417390603415328,5.327457125902205,16.709294178761247,1.4307733460762477
ema_05,8595,0.51,0.02862152894574151,26.483507989071672,4.9642132059141835,16.108335055622828,1.3787601994622012
ema_05,9287,0.514,0.028033890024379237,24.691660403778446,4.605323533203595,15.55621680853412,1.3272121696342367
ema_05,10034,0.524,0.028181231665451,22.94522601305493,4.256321582999172,15.165598502166102,1.2787163641493218
ema_05,10841,0.529,0.02879025508533726,21.350615418607696,3.9407072566274706,14.620983900858194,1.2289965457963097
ema_05,11714,0.539,0.029020891116782077,19.904208692209558,3.650163146262188,14.212608805003104,1.1761384689050725
ema_05,12657,0.546,0.028084288716776727,18.564804444135532,3.3930481555810545,13.8199623031841,1.1237117387025504
ema_05,13675,0.555,0.027684185763972562,17.323082858152443,3.154010112418269,13.401267506907821,1.0757406554633984
ema_05,14776,0.569,0.027695859005645702,16.128799395344153,2.9338110537059157,13.060503772600427,1.0346616585348474
ema_05,15965,0.5760000000000001,0.027009912134906205,14.993128556922589,2.722870828745548,12.67726043220091,0.9991262918928194
ema_05,17249,0.5870000000000001,0.027029912349398427,13.941211855280388,2.5234975596064286,12.265399252150985,0.9555620799266507
ema_05,18637,0.605,0.026414527683213885,12.982051406765613,2.334185714533337,11.72792542675513,0.935925443476885
ema_05,20137,0.607,0.02590795673576406,12.112824225293227,2.1543746369650574,11.360346195389491,0.8802390695600257
ema_05,21758,0.608,0.024646183141296817,11.314133102466267,1.9845304326125794,10.989124023341283,0.8360689865172437
ema_05,23509,0.616,0.0252150347966839,10.625296261072956,1.84536792308814,10.754736072623565,0.7929591186939227
ema_05,25401,0.628,0.025068794235950893,9.968364669782762,1.7197644419865088,10.45988376062822,0.7575329449396109
ema_05,27445,0.63,0.024350139484801577,9.393396725390566,1.5957299703663521,10.096989508390472,0.7261082463460988
ema_05,29653,0.638,0.024195333050283506,8.850539484106617,1.4774723557173894,9.846872840447825,0.693810801757919
ema_05,32040,0.6459999999999999,0.024222036881878264,8.35077782531878,1.3699242338270978,9.640974947041054,0.6681381530653704
ema_05,34618,0.6559999999999999,0.024754144638174772,7.84918251680496,1.2758945262208692,9.36338548855257,0.6451303073104192
ema_05,37404,0.652,0.023973048840459792,7.360379031279969,1.1778208457049644,9.166574219496963,0.6282704409998433
ema_05,40414,0.669,0.024233502146050336,6.887681882090759,1.0880866343453355,9.063346822925654,0.5969492289521057
ema_05,43666,0.6859999999999999,0.023269175865392084,6.431999218080307,1.0147055268595877,8.693665412386828,0.5799744188931848
ema_05,47180,0.691,0.022297121252789927,6.04071492316831,0.9487615252703276,8.370828769832212,0.5534460080364942
ema_05,50976,0.7020000000000001,0.02201835781360819,5.71339806491974,0.886854921712442,8.08466865731496,0.5293937523757604
ema_05,55079,0.713,0.021679716349853405,5.422847017047064,0.8298822939286952,8.013580771178006,0.5043255697555027
ema_05,59511,0.7170000000000001,0.02151133128696069,5.142627897638888,0.7776329866841504,7.793640141670429,0.48117817341183633
ema_05,64300,0.7170000000000001,0.021511331286960686,4.906891607279514,0.7297173500448427,7.576276953139259,0.47498365965315414
ema_05,69474,0.723,0.02063903333418736,4.657026963884386,0.679197383649824,7.497147709257856,0.45671696249650473
ema_05,75065,0.726,0.02038121535615429,4.391058413824596,0.6322478588855321,7.307958612937971,0.43085644591606964
ema_05,81106,0.73,0.01987333628129648,4.1588758308941705,0.5834750709593315,7.178305885007663,0.4219678570360722
ema_05,87632,0.737,0.01941856864140115,3.937465411394163,0.5370314354298447,7.0759164298731045,0.4080197170776142
ema_05,94684,0.745,0.01898298014942689,3.704252749784033,0.49281389359148536,6.885402050738895,0.3863438319067406
ema_05,102304,0.757,0.019293323281185208,3.5455719944755066,0.46345291967878044,6.607864177239975,0.36586587980390034
ema_05,110537,0.768,0.0186882991535486,3.4018313344327846,0.4404931519734891,6.49272291273513,0.3439301669344093
ema_05,119432,0.774,0.019416747951449053,3.3042973282939783,0.4233286782837532,6.3653545795023865,0.3228537811947809
ema_05,129043,0.774,0.01878211055147096,3.2348084071487837,0.3998453416330138,6.264494097074296,0.3221814415979917
ema_05,139427,0.782,0.019559802110089425,3.159121838823067,0.36980120633609803,6.18013314275422,0.3149558757340326
ema_05,150647,0.779,0.01908487158018946,3.0881048894523895,0.3440906388488171,6.125632378042388,0.30008528111092286
ema_05,162770,0.773,0.018955290298569166,3.0043460888320004,0.3279655253716939,6.121433022491777,0.3027590829669226
ema_05,175868,0.782,0.019456244615687134,2.8836527151174733,0.30422384716232564,5.924250415829199,0.28696445026268536
ema_05,190021,0.7879999999999999,0.018328098426165,2.775364280398537,0.2851224962081269,5.845136225221231,0.2702604517353104
ema_05,205312,0.7979999999999999,0.018693703363821347,2.623222167957873,0.261795862518739,5.716769172046549,0.2673140628022509
ema_05,221834,0.809,0.01815171750785166,2.509324545909336,0.23361952010493478,5.5775318390842505,0.2534258954658029
ema_05,239685,0.812,0.016894204373516422,2.409328223516525,0.2126648551840781,5.395271444148545,0.2386502077094458
ema_05,258973,0.8140000000000001,0.01729249267833597,2.3432329618521375,0.1977458306303615,5.2937476283608405,0.229988186476387
ema_05,279813,0.8290000000000001,0.01701425427354512,2.2620179503683686,0.18746576736610965,5.166032922077785,0.21088142719123826
ema_05,302330,0.828,0.01614830259710527,2.192777480094129,0.17462032947021028,5.1293034400721,0.20208340338417372
ema_05,326660,0.838,0.016066779831111593,2.1553309654973147,0.1663229359027683,5.03465973913586,0.19195918394502726
ema_05,352947,0.843,0.01539086702816927,2.1097538590902722,0.16043432511199568,4.969197688487728,0.20205831930943222
ema_05,381349,0.8370000000000001,0.015285498508274589,2.091577048412929,0.15497842717526333,4.941589905759905,0.19680831520488998
ema_05,412037,0.838,0.01562049935181331,2.091373200597929,0.15146223290715602,4.960412695260291,0.19038413512523084
ema_05,445194,0.84,0.015439683882250907,2.0909928980900574,0.1435177065512103,4.91721067363536,0.17204955848112008
ema_05,481020,0.836,0.014179227942680981,2.0658999238553424,0.13659762741690812,4.905081492560152,0.16950020509494185
ema_05,519728,0.838,0.014268705603381112,2.0067477848382964,0.12683325693766784,4.85310729402794,0.17561561281687785
ema_05,561552,0.845,0.01336171222319032,1.9724532491779387,0.12031626344089372,4.808955540324292,0.1687076139664067
ema_05,606741,0.848,0.013519906759585245,1.9215751731994835,0.11698219368256653,4.788690173466453,0.1616327406013645
ema_05,655566,0.862,0.013087120663947715,1.8871969773049535,0.1133824945567925,4.696884665650892,0.16194053766529878
ema_05,708321,0.856,0.01305156827141606,1.8824970663711795,0.10909988339411883,4.671754724961029,0.16665159495918927
ema_05,765321,0.8590000000000001,0.013188225541341525,1.8320333470716728,0.10342070869831861,4.6308534025444015,0.1593404265058477
ema_05,826908,0.861,0.012940813207238814,1.7861376726099607,0.09787704105178587,4.592208518503116,0.1481640375164132
ema_05,893451,0.866,0.012966156412800679,1.7662812239418428,0.09331424881429061,4.622234919210624,0.14506057158893787
ema_05,965348,0.87,0.013142574813455418,1.706469417172157,0.09143230768506744,4.529883497818808,0.14906146227523484
ema_05,1043032,0.8690000000000001,0.012925192689496202,1.6850782064412437,0.09448575166600295,4.533137458865401,0.1497006940077833
ema_05,1126966,0.878,0.012274635093014647,1.6392392359542802,0.09076450778796992,4.482267923847495,0.15353946889743714
ema_05,1217656,0.883,0.011811225614010195,1.6050049870924983,0.08689005531663907,4.481708048652645,0.13854022512225272
ema_05,1315643,0.879,0.012656694639277632,1.593343337887843,0.09074436053813016,4.490777935427868,0.145230082341468
ema_05,1421515,0.887,0.01228080542220997,1.5794483622902644,0.08765969283930529,4.471982146342405,0.131322953274149
ema_05,1535907,0.8809999999999999,0.012284094997149362,1.5744347447772362,0.0836507415192279,4.510035805471599,0.12801175932702535
ema_05,1659504,0.892,0.011949388218142332,1.579120118412692,0.08555255316324975,4.4699397481322745,0.1300943947071746
ema_05,1793047,0.89,0.011763666026534347,1.5784964352333,0.0859015303853081,4.494786078606993,0.13016050939031273
ema_05,1937337,0.884,0.011434486203912912,1.5824500313947272,0.08130462037478618,4.428878269136412,0.12810147278715872
ema_05,2093238,0.8740000000000001,0.011336897835177513,1.5776061431521933,0.07634837357233706,4.45139713360099,0.12671100387649462
ema_05,2261685,0.88,0.010917505172516256,1.532977108067163,0.07556133877216173,4.465503325789288,0.12898292559296468
ema_05,2443687,0.889,0.011,1.487129675736069,0.07796135235234151,4.441640332119201,0.12739695219872932
ema_05,2640335,0.889,0.011882845627290636,1.4693284481181743,0.08241448151475256,4.447248618588559,0.12199332423078953
ema_05,2852807,0.888,0.011571473108424435,1.488284144991189,0.08470028960766007,4.448988517798669,0.12205891994923565
ema_05,3082378,0.878,0.012274635093014645,1.5055864274768425,0.08409778276529235,4.410015975278751,0.12532902950388689
ema_05,3330423,0.888,0.011658438657006859,1.5422082311858551,0.08396262434670017,4.3546179016276145,0.12799754271288172
ema_05,3598428,0.885,0.011492202011394817,1.5741608633819322,0.08138637280128948,4.390782871747991,0.1202526595315846
ema_05,3888000,0.87,0.011590661514488045,1.5723043487186725,0.08024944577799552,4.376277958287628,0.12266008270882549
ema_05,4200874,0.867,0.011981045636565055,1.6189537071472944,0.08243240977456694,4.337261512222331,0.12166694110380942
ema_05,4538926,0.862,0.012208624207932074,1.6295126205040744,0.08433925305184847,4.350571068423107,0.12533571533736135
ema_05,4904182,0.866,0.012327189296818475,1.601375769247531,0.08279166324742257,4.39500641196124,0.1295122423881773
ema_05,5298831,0.8759999999999999,0.011557497894257111,1.5558625926638407,0.08066824861842051,4.322055282358273,0.12680204481188356
ema_05,5725237,0.8859999999999999,0.011193432417847943,1.5750232952423753,0.0813653418539498,4.382138236550472,0.12975969394888015
ema_05,6185958,0.882,0.011044446476840657,1.5642681028554646,0.07935428224108412,4.255543659707714,0.13521569370369796
ema_05,6683753,0.877,0.0115343141989632,1.541428389091009,0.0774960530803403,4.205943372920276,0.13366324117917322
ema_05,7221607,0.875,0.01157976291168818,1.574070899907781,0.08134521328754825,4.1061475852398015,0.13071736837058043
ema_05,7802743,0.875,0.01140396882889922,1.5970451472686995,0.08427978773121378,4.1777165120912505,0.1382443207457173
ema_05,8430644,0.883,0.010829719677019728,1.5336055649632723,0.0812074953690474,4.131528198744183,0.1306976225778907
ema_05,9109073,0.885,0.010952145677879516,1.5130589312648683,0.0800774875499176,4.0652022099050535,0.13423300873169033
ema_05,9842097,0.885,0.011043989178267832,1.4931427216172566,0.07793730737722891,4.095238936103114,0.13316184215262533
ema_05,10634108,0.879,0.010473149893268436,1.5003975804348195,0.07592396712731278,4.031654195429797,0.13283035833773676
ema_05,11489854,0.888,0.010471703092456623,1.4924582380947384,0.07316218968016538,3.9732307834527485,0.1264462369198202
ema_05,12414464,0.898,0.010247443632931143,1.4593981120063506,0.07438363649543517,3.9677782257375127,0.13329185042727304
ema_05,13413478,0.9,0.009211323729436767,1.4482101427606289,0.0738665030406445,4.013075689364028,0.13530262054637027
ema_05,14492886,0.904,0.008980337668844342,1.447697963540331,0.07068836883677924,4.043279361867004,0.13810444693795276
ema_05,15659155,0.8959999999999999,0.010241527663824811,1.4279394774411938,0.06452452145213408,4.114534320082457,0.14188548175884147
ema_05,16919275,0.893,0.010075974023649154,1.4444371474387667,0.06658504398483932,4.020604317842486,0.1390945257563034
ema_05,18280800,0.897,0.010195562512656913,1.4512912193826175,0.06484927455293425,3.9823610665491884,0.1306141925371702
ema_05,19751890,0.894,0.009621104747670955,1.448947491880024,0.06381028698092318,3.997794196769624,0.13117783411417777
ema_05,21341360,0.89,0.01,1.5011971880200656,0.06698701411640447,4.029143962262193,0.1287243724095903
ema_05,23058738,0.899,0.009999494936740506,1.5020195422487064,0.06818909930535179,4.111621301301594,0.12352888813490377
ema_05,24914317,0.893,0.00956160250294073,1.499175783348426,0.07172537661372613,4.084867199442835,0.11822222609741964
ema_05,26919218,0.883,0.0106415423808029,1.5136153929516691,0.07834816217566319,4.130788505312028,0.1188731054647751
ema_05,29085456,0.895,0.010671873729054749,1.4763065042518153,0.07727921997693263,4.105713956446917,0.11838586904860057
ema_05,31426016,0.903,0.01039181884897437,1.446038532637069,0.07234774800645424,4.085570027290014,0.11517941134742775
ema_05,33954925,0.898,0.011368928060838685,1.4605301485939415,0.0750579279509144,4.15357509762335,0.11156301902282259
ema_05,36687339,0.8959999999999999,0.010817120735671808,1.453656679637098,0.0739119637255071,4.12406701078571,0.11207509153154789
ema_05,39639636,0.902,0.010539008827717484,1.4135851350467257,0.07309958289315754,4.099630712306978,0.11190302560864829
ema_05,42829510,0.897,0.010096003809888987,1.4435450231428726,0.07260425595722961,4.076194197462362,0.10801777978731435
ema_05,46276079,0.897,0.01058443683104127,1.4558117882030064,0.07447836824153142,3.9996864997796195,0.11398316791775245
ema_05,49999999,0.894,0.01052366261087245,1.4470925563131405,0.07130299391401786,3.976102654531354,0.11817508761772914
ema_099,4999,0.15,0.015472360498448173,304.7153204720997,44.689464886396365,62.44358995775038,3.7409863549630473
ema_099,5402,0.158,0.01590248058916875,282.2201558825851,41.43220163191957,60.06094824338672,3.6043751391016237
ema_099,5837,0.166,0.01577749323971628,261.4463547174525,38.40000315131496,57.817036055002866,3.4693644117257265
ema_099,6306,0.17,0.01598610507770907,242.2047257324275,35.56067621042301,55.63688812782314,3.3390528098751795
ema_099,6814,0.183,0.01694047809183076,224.28342342280652,32.923516372178,53.61145235034336,3.2075998506894265
ema_099,7362,0.184,0.016374407229613294,207.816969162282,30.529679806395546,51.55624057496353,3.0957945603866923
ema_099,7955,0.187,0.01691661068806979,192.7338647783125,28.319304566937205,49.59293580633939,2.9863824747657888
ema_099,8595,0.195,0.01811160685942313,179.0036569038762,26.276563237360712,47.786666630867686,2.8781400959247048
ema_099,9287,0.201,0.017950267998336995,166.27862270213674,24.35466222339124,46.056319069658024,2.7647830044950368
ema_099,10034,0.209,0.018968075252588985,154.2822455495672,22.54513983437526,44.38238457812203,2.6595750996229817
ema_099,10841,0.214,0.019385509531554223,143.22850781536496,20.846865289188933,42.70352215865646,2.5557618283096417
ema_099,11714,0.223,0.01958431654527302,133.02364159759765,19.295086119744543,41.270543463036,2.4564217394980217
ema_099,12657,0.23399999999999999,0.020754456744214594,123.46656947748423,17.908436902864516,39.79759959665326,2.361256172500755
ema_099,13675,0.242,0.02075250988836451,114.64623275273144,16.631794796144646,38.47039177996117,2.2791975357338887
ema_099,14776,0.25,0.02157907703439991,106.35250086625234,15.407602485358453,37.06253721660368,2.209689155267339
ema_099,15965,0.253,0.02052123807476567,98.64693045823782,14.23639581985751,35.817714416938,2.1274012988417894
ema_099,17249,0.259,0.02069963157823702,91.48356631354274,13.155789989326689,34.576889493501824,2.0365240024964804
ema_099,18637,0.257,0.02118962010041709,84.9789554593946,12.17167786796455,33.40859875760554,1.9592508324413243
ema_099,20137,0.267,0.02211334438749598,78.85858520751538,11.219485300824589,32.207245195713,1.8708370027007608
ema_099,21758,0.28300000000000003,0.02229530910485002,73.31433400934567,10.361195980953966,31.101878775008718,1.7930540888158224
ema_099,23509,0.295,0.022890825651118375,68.29006224098563,9.629776134818375,30.054970925268446,1.7219789532301597
ema_099,25401,0.295,0.02262451517422389,63.32577302361221,8.934104207565175,28.98056488293782,1.6530260468212863
ema_099,27445,0.312,0.022886633212379222,58.83001605473278,8.292639381701967,27.865146239670707,1.5799369129660734
ema_099,29653,0.318,0.02249040199325441,54.52743479417075,7.672230034134377,26.800769923487987,1.5061955803309022
ema_099,32040,0.32799999999999996,0.02287780451428719,50.67968261917343,7.124533622307828,25.845264717473174,1.4353332673293493
ema_099,34618,0.332,0.023132468763863295,46.976421645114705,6.614185709704915,24.871596325725836,1.397820306465945
ema_099,37404,0.344,0.02345509356496823,43.45653620217379,6.120982888761762,24.092735964417855,1.3438042681205637
ema_099,40414,0.35700000000000004,0.023921377954296934,40.2638615436337,5.633023467058562,23.19054713309515,1.2991008575411753
ema_099,43666,0.36700000000000005,0.023572582944316193,37.43481638574111,5.188323358719621,22.29647497030682,1.2573658446528946
ema_099,47180,0.373,0.023777376566047746,34.87616864055694,4.761105789329056,21.57523144260808,1.2053194745959077
ema_099,50976,0.37200000000000005,0.024621580416825852,32.532049709842966,4.423118451138417,20.920819867040763,1.1552630528428052
ema_099,55079,0.385,0.024633679826980413,30.50719558346727,4.139081289822018,20.31479000194016,1.110583875014051
ema_099,59511,0.39299999999999996,0.0242984390736142,28.45913553831799,3.820965616368303,19.74578199033247,1.0729702138299224
ema_099,64300,0.405,0.024261829354695487,26.464812466068324,3.513904890773584,19.082604493731527,1.0434191566319753
ema_099,69474,0.41200000000000003,0.024588738491554636,24.50049490967735,3.2520233632048927,18.43173807198396,1.0035516088990184
ema_099,75065,0.434,0.02470921800756662,22.794674661100643,3.0048795960582675,17.622154569857578,0.9610962849471194
ema_099,81106,0.43799999999999994,0.024650281208058535,21.24914034893171,2.7636098274559115,17.166761985735754,0.9179599342181449
ema_099,87632,0.451,0.02472045731981935,19.815230118895784,2.547906988173457,16.666393176563798,0.8807076309654269
ema_099,94684,0.46,0.023613042107609887,18.458150220001652,2.343078133836216,16.111195804244826,0.836119738435754
ema_099,102304,0.48,0.02424621182533032,17.46054501405165,2.204947096885861,15.624482888217067,0.8079637812560089
ema_099,110537,0.479,0.02409136649079789,16.309490857540844,2.068394580095121,15.190643240848637,0.7750770019598135
ema_099,119432,0.48,0.023224856068314814,15.263846421324706,1.953804745723232,14.717629522755368,0.7438341898984511
ema_099,129043,0.496,0.02309051140992155,14.34219778830709,1.8157150437773875,14.307603110801033,0.7207539777360008
ema_099,139427,0.506,0.023390406390465114,13.525259172147702,1.6904677441793226,13.87452760856495,0.6990504576520704
ema_099,150647,0.517,0.023443678478559223,12.753838736588024,1.5813770336630628,13.505396986553059,0.6780440097744723
ema_099,162770,0.524,0.02305548862105411,11.998258737242843,1.4716717747921901,13.19241901404192,0.6518644347804832
ema_099,175868,0.537,0.023122641839905877,11.276453801685605,1.3561274452603,12.887097895950639,0.6185132156216293
ema_099,190021,0.54,0.023137708083419483,10.577200085370226,1.250351944607138,12.538772027711168,0.5943814508768462
ema_099,205312,0.551,0.021153360169595906,9.873046651071611,1.152238643385856,12.162044885542171,0.5780972852236418
ema_099,221834,0.556,0.022487707079579495,9.273819152843561,1.0313770458910676,11.915537562086183,0.5526042948058529
ema_099,239685,0.565,0.02194460426997162,8.650017822309815,0.9288445251770693,11.601727457333379,0.5166929313531302
ema_099,258973,0.57,0.01992409839791244,8.133988273695373,0.8474102270004137,11.35844120974034,0.48966414571327493
ema_099,279813,0.589,0.019740488055944024,7.602302840681559,0.7754451484246256,10.948788066104342,0.46604574007609534
ema_099,302330,0.604,0.020593222382153022,7.186120645867427,0.7262785260519669,10.690567295876924,0.4456728785586872
ema_099,326660,0.609,0.021324572064577847,6.8187887804079015,0.6816618165162305,10.493158184788564,0.4342255740624876
ema_099,352947,0.62,0.02155565968942878,6.4305545260574855,0.6340076849166184,10.208427462845654,0.41901569139250106
ema_099,381349,0.629,0.020806710261816786,6.184310287367051,0.5974420518330252,10.088582684708252,0.40563804323067404
ema_099,412037,0.638,0.021214631886049922,5.947431102053101,0.568019441357514,9.885558047166931,0.39611099448056075
ema_099,445194,0.647,0.020373036250412115,5.634975025952165,0.5320771916556419,9.534305108253793,0.3750789702693321
ema_099,481020,0.643,0.02011356645539412,5.3154998769254345,0.48832600460645237,9.360046522956237,0.3676428111953683
ema_099,519728,0.67,0.019306145983268456,5.006252620422583,0.43895974228579043,9.101682386473994,0.3520323197021805
ema_099,561552,0.6679999999999999,0.019533964205346484,4.737666677148225,0.39490232959507027,8.913398312388301,0.3409977722314518
ema_099,606741,0.6809999999999999,0.018185075465803537,4.4478158921861,0.365512626650892,8.76661504576221,0.33575722163309
ema_099,655566,0.688,0.01765436964824198,4.167699026943886,0.32823485252621765,8.466172048682022,0.32747092736500555
ema_099,708321,0.701,0.01760939831711774,4.052696179697159,0.31162888379301823,8.344939544170064,0.3184725312685545
ema_099,765321,0.701,0.01714436621544503,3.9453240439312687,0.2987004236384659,8.258071609523437,0.30767623238114344
ema_099,826908,0.7120000000000001,0.016713872542099134,3.8050592180113507,0.2726357294401457,8.20791698341996,0.2898414752486435
ema_099,893451,0.7090000000000001,0.017061682510848986,3.657888340439672,0.25025999907937935,8.143477877676728,0.2742098668606922
ema_099,965348,0.725,0.01760251359461156,3.444788500345553,0.23424181371352965,7.905186485934524,0.2617839286131042
ema_099,1043032,0.737,0.016736520280844255,3.352621022630811,0.2261645439180743,7.962604307386198,0.25573346553319454
ema_099,1126966,0.731,0.016799170253679833,3.2402909418779053,0.217062065719179,7.910314001244736,0.2509822790177886
ema_099,1217656,0.738,0.015359661191549506,3.1189495942341923,0.20781848680170492,7.813716677832562,0.23640674664114755
ema_099,1315643,0.748,0.015984841304034006,3.051249461725667,0.20177369074873847,7.661456309950723,0.24039238244052924
ema_099,1421515,0.7440000000000001,0.016472812005044413,3.0107539045426264,0.19234055166910863,7.634128044173495,0.24014879475278472
ema_099,1535907,0.747,0.01684480557167327,2.97112712992675,0.18210520413104617,7.614174388415726,0.24072150956354227
ema_099,1659504,0.76,0.01556997888323046,2.9159356289762486,0.1646896535981614,7.576142304775586,0.22328558234932094
ema_099,1793047,0.759,0.015769488503967644,2.87783936039795,0.16252734951057485,7.5673448041377265,0.21667501574648035
ema_099,1937337,0.759,0.016823204273270952,2.8034153594914244,0.15961642369937584,7.512165923249354,0.2187199566051194
ema_099,2093238,0.772,0.014980121508320298,2.7510458526562114,0.14749346047113496,7.551643320879144,0.20899159929672248
ema_099,2261685,0.774,0.014043223319883552,2.6355572835433634,0.13720177272770054,7.4019511718059015,0.21110531615945516
ema_099,2443687,0.7859999999999999,0.01318247995552346,2.539286990004214,0.1283129260525001,7.332671130010208,0.20487463148614596
ema_099,2640335,0.782,0.01351243348127415,2.528846862167554,0.1271358851812067,7.323007598671926,0.21698440928003157
ema_099,2852807,0.784,0.014544949486180955,2.5411877875285462,0.13028457123302056,7.2628294771152415,0.2193487774990058
ema_099,3082378,0.784,0.0148881350630818,2.519133285465048,0.12637240612974648,7.156478259185232,0.2142382231011503
ema_099,3330423,0.789,0.013918594495396178,2.454864005060984,0.1249750463108451,6.995512242128613,0.21016754944276356
ema_099,3598428,0.8029999999999999,0.014316410023451968,2.424476006315699,0.12351872286614256,7.030916701965964,0.2016707139496801
ema_099,3888000,0.802,0.012947446220639949,2.4306027358225,0.11898362376724567,7.149981048864633,0.1963559045478262
ema_099,4200874,0.7959999999999999,0.013251262566108927,2.4630997967857375,0.12159947701768077,7.146632723544221,0.191383722992548
ema_099,4538926,0.787,0.012764771597619521,2.479861564508958,0.11964048555320048,7.124785287431033,0.19507132195653465
ema_099,4904182,0.7959999999999999,0.013097921802925669,2.4676785329849986,0.12676740860107735,7.202313619884023,0.2080959610869293
ema_099,5298831,0.794,0.012934957723670046,2.3828776752110126,0.12007153219043014,7.10767716027588,0.21116241265903976
ema_099,5725237,0.794,0.013090207613079916,2.4214468993659013,0.12662226645656993,7.125995961779531,0.21263013829304808
ema_099,6185958,0.805,0.014520970554979645,2.3886657333441783,0.12883061855128067,7.103347691736039,0.2096172285548779
ema_099,6683753,0.8009999999999999,0.013295020712942713,2.32662859938582,0.12234548426374044,7.003174779852799,0.2081187065563581
ema_099,7221607,0.8140000000000001,0.013854948428615533,2.3302455578794867,0.1318679391385892,6.824671783577765,0.21221143029879355
ema_099,7802743,0.807,0.014991917014097158,2.359871638292103,0.1419845843208727,6.745434342465181,0.22163251752083407
ema_099,8430644,0.812,0.014374500430493667,2.2816386768790577,0.13311601276303836,6.651390141510647,0.23173314955584562
ema_099,9109073,0.8029999999999999,0.01445683229480096,2.3130028604945143,0.13063469902003771,6.594587354717219,0.22611882111833426
ema_099,9842097,0.812,0.0140906158327255,2.2777358518739717,0.12787593475115727,6.556681495522941,0.2314070029285087
ema_099,10634108,0.8029999999999999,0.014245679834230234,2.3180493293250244,0.13003796048694916,6.575412841882114,0.23368549800208852
ema_099,11489854,0.807,0.013200474432857528,2.3099793097068284,0.1332899860912966,6.440437163233332,0.22731275880805227
ema_099,12414464,0.815,0.013209653647804303,2.2641945405179165,0.13691427201475018,6.47528666950617,0.22196002220761396
ema_099,13413478,0.8079999999999999,0.013902982748062712,2.2512728329531235,0.1291163678450821,6.496940713656098,0.21769008703350462
ema_099,14492886,0.8140000000000001,0.01310563145207341,2.241275834552091,0.12192824927334216,6.531148580925659,0.21921306656106046
ema_099,15659155,0.812,0.0140906158327255,2.215634478066471,0.11674767483679323,6.583566225306408,0.21356794102101903
ema_099,16919275,0.811,0.013400964837871138,2.173044115765639,0.12046830831828166,6.372513213652047,0.2211215550282204
ema_099,18280800,0.797,0.014386792484073646,2.2019915208047034,0.12335804459113106,6.4192928632706785,0.22227906084341248
ema_099,19751890,0.807,0.01296888272720203,2.191528425437448,0.11501639770371377,6.347364239905216,0.21745293456525722
ema_099,21341360,0.807,0.01216510990455487,2.2151621688621494,0.10944517185272189,6.304666393128547,0.2136814239077663
ema_099,23058738,0.797,0.012589477729236806,2.218796979234245,0.10976559546122508,6.372387381072707,0.21109848280921178
ema_099,24914317,0.8079999999999999,0.013001942356836733,2.268653329364979,0.11458852832957515,6.4430179568660115,0.21043849630639544
ema_099,26919218,0.804,0.01434918080933507,2.3031610978323447,0.12246448228240828,6.533814259288406,0.22440442549536335
ema_099,29085456,0.8220000000000001,0.013225320068304245,2.266808882476875,0.11330134003160859,6.630759026749726,0.2100043878579699
ema_099,31426016,0.8190000000000001,0.012925192689496203,2.1585017095427337,0.10134981193126895,6.500322065721698,0.2130669948703666
ema_099,33954925,0.835,0.011492202011394817,2.122875247806531,0.09984604780388394,6.473359435265598,0.202053097238244
ema_099,36687339,0.8290000000000001,0.012333333333333337,2.110426016817584,0.10036677223691248,6.460453420803475,0.19433633011732385
ema_099,39639636,0.8240000000000001,0.01341791355019118,2.0927472609760343,0.10603131758251297,6.451507157215058,0.19437041682435516
ema_099,42829510,0.8240000000000001,0.0125625706691816,2.1504347650516764,0.10880146693421362,6.543204048757335,0.19692496371184148
ema_099,46276079,0.823,0.012937690612463974,2.18228460062453,0.1170864631501352,6.557774723389375,0.19790598079833838
ema_099,49999999,0.81,0.012987950904082935,2.152424898084277,0.10729023388824097,6.631815338179541,0.18990908483892227
sa_rmsprop,4999,0.546,0.030431907763086595,43.981762821141075,12.716114914685406,18.268602735260984,2.2373555295616994
sa_rmsprop,5402,0.552,0.031317210552149706,40.767933649255625,11.7577053473804,17.61133606635392,2.1478372743361884
sa_rmsprop,5837,0.555,0.030529833066538493,37.82003832551491,10.885432306489749,16.943994600739668,2.0604955633230366
sa_rmsprop,6306,0.5660000000000001,0.030392051060709406,35.093297463204706,10.08314107028218,16.31696073201877,1.984912487299395
sa_rmsprop,6814,0.583,0.031238897017479457,32.59657230039018,9.355843522037397,15.620344784561032,1.901741294301372
sa_rmsprop,7362,0.586,0.031075665233377868,30.290693840088647,8.693962675430496,15.102990654111645,1.8306679834190152
sa_rmsprop,7955,0.6,0.030715376335548022,28.142663758438434,8.084032347623113,14.4945917112799,1.7571957575853925
sa_rmsprop,8595,0.61,0.029898819273332423,26.165191633054146,7.518543580768568,14.015372346178616,1.690869344556462
sa_rmsprop,9287,0.627,0.029434227310628308,24.29805236228576,6.9644878594746515,13.455262708880616,1.6324338300397585
sa_rmsprop,10034,0.643,0.029447951001416346,22.55089721900491,6.442230837981467,13.022164494746102,1.5737834042808934
sa_rmsprop,10841,0.655,0.029657131596724833,20.947446970804318,5.9738518087096395,12.526986340297633,1.5141717373869445
sa_rmsprop,11714,0.6609999999999999,0.02926351884776565,19.492810284433073,5.552203522022236,12.135795258235506,1.4493954275916714
sa_rmsprop,12657,0.6659999999999999,0.029101702543134666,18.1606390363114,5.172166562028419,11.676596661557472,1.3868068768937147
sa_rmsprop,13675,0.6679999999999999,0.029124601701009133,16.933708016064955,4.818887606512101,11.322161052525344,1.3371301263321
sa_rmsprop,14776,0.675,0.02941775043071853,15.782091781084237,4.491865715559797,10.846144503375555,1.2818024874539746
sa_rmsprop,15965,0.6829999999999999,0.028886926895302402,14.714816510509218,4.179444775437016,10.507904048670262,1.242004474236666
sa_rmsprop,17249,0.69,0.028515457442084162,13.69115973072461,3.8722898386812163,10.107828531402347,1.1973822376602332
sa_rmsprop,18637,0.698,0.027706251345794936,12.7378402662153,3.5813266955116334,9.742491071558455,1.154300508856736
sa_rmsprop,20137,0.703,0.027171546317663435,11.848572405051659,3.314123624266513,9.407082661263539,1.1054119566537774
sa_rmsprop,21758,0.7040000000000001,0.025933870836526825,11.036568710917942,3.0623724754350055,9.01482457281869,1.0545972485770818
sa_rmsprop,23509,0.7140000000000001,0.02530700386146974,10.335057879444191,2.8413977273864814,8.611588558009107,1.0091585443266884
sa_rmsprop,25401,0.713,0.024970892145565294,9.689344586391107,2.644027002548685,8.298628065931979,0.9744839096149273
sa_rmsprop,27445,0.722,0.024477571675955014,9.08857950844968,2.454164753916351,8.016510234538451,0.9378631343254626
sa_rmsprop,29653,0.732,0.024817719313409765,8.503698898721282,2.2723109580455096,7.672793935742771,0.9041203886060096
sa_rmsprop,32040,0.73,0.024679767200905867,7.98239714655522,2.1027555726628777,7.489889733896247,0.8671399660583197
sa_rmsprop,34618,0.735,0.02520121048880411,7.504022826402619,1.9539222948433186,7.227956262597534,0.8407420133929511
sa_rmsprop,37404,0.738,0.025056703371321293,7.013321005715357,1.8018179174519382,7.054322304461852,0.811467416738948
sa_rmsprop,40414,0.754,0.023631001722826783,6.570769162242011,1.6635046167504115,6.816141842162268,0.7794508152166174
sa_rmsprop,43666,0.774,0.022366099888948547,6.151095884721506,1.5473509322108214,6.5511784081562165,0.7551203083082068
sa_rmsprop,47180,0.7809999999999999,0.021162908280023495,5.754252783655728,1.4356116963937562,6.3472737747245604,0.715791708174794
sa_rmsprop,50976,0.7859999999999999,0.02079335558209969,5.396921128003704,1.3339810447331901,6.065725718000862,0.6857216867407877
sa_rmsprop,55079,0.7979999999999999,0.02088835159420753,5.0549436273295765,1.238209047263071,5.971042338107294,0.6562988214778042
sa_rmsprop,59511,0.797,0.02076589083623003,4.760922381051157,1.1532736226989253,5.644738464724082,0.6296053996881442
sa_rmsprop,64300,0.802,0.019435466902993963,4.519405815932591,1.070690322760174,5.47229645471503,0.613619423974604
sa_rmsprop,69474,0.821,0.01924299688959413,4.27183143680011,0.9918520511435244,5.229455245354212,0.5918290581035114
sa_rmsprop,75065,0.818,0.019456244615687134,4.018994864505368,0.9204242880792382,5.1026460536848255,0.5668913361213236
sa_rmsprop,81106,0.818,0.019036381966745636,3.775425194974001,0.8531594303786335,4.980339335497512,0.544872258091655
sa_rmsprop,87632,0.8270000000000001,0.01879474459103992,3.5699487968486947,0.7873911460337081,4.8220434728739665,0.5227585525931009
sa_rmsprop,94684,0.833,0.01858939634753255,3.3695142708643067,0.7250754514585298,4.5944010100056625,0.4955955423608388
sa_rmsprop,102304,0.8440000000000001,0.01849488053653243,3.2068257416383257,0.6808440586703143,4.4291740066460195,0.4699987875457624
sa_rmsprop,110537,0.845,0.01822280733231593,3.0648289132167412,0.6510538976742452,4.218827216999943,0.45249727936034523
sa_rmsprop,119432,0.836,0.018451136670797397,2.963330985137832,0.6237260892897196,4.013847477882413,0.4352430299364897
sa_rmsprop,129043,0.843,0.01849133020983869,2.8715937246226146,0.5834071139455943,3.9625247808593627,0.42474183767857693
sa_rmsprop,139427,0.8390000000000001,0.017916472867168916,2.7573931926405795,0.5292047316093549,3.88175929308201,0.40831476939234806
sa_rmsprop,150647,0.846,0.018058267084662637,2.649089768423329,0.4829812303261455,3.7309111802023467,0.3871857614185445
sa_rmsprop,162770,0.853,0.017664379497460504,2.5522994956218574,0.4487897784211231,3.669673734670141,0.3752768389133109
sa_rmsprop,175868,0.8590000000000001,0.016883139638124302,2.4294675083009283,0.4132503689987068,3.54996763335857,0.36842933007276973
sa_rmsprop,190021,0.8640000000000001,0.015796688055898095,2.3182299687589194,0.38233842608249613,3.3681601600879896,0.3512356274376744
sa_rmsprop,205312,0.871,0.01590978353470631,2.205901573782333,0.3485757333990273,3.3497715517801243,0.3435686118777471
sa_rmsprop,221834,0.872,0.01576852766260898,2.106744784966915,0.31215229769123787,3.2486984882258025,0.3359833921636271
sa_rmsprop,239685,0.88,0.015439683882250907,2.002645874980411,0.2836819697706029,3.1414498177193724,0.3131279249145759
sa_rmsprop,258973,0.879,0.015327732837552784,1.9238740479059928,0.26489709165063746,3.049555048032395,0.30319521842885655
sa_rmsprop,279813,0.889,0.014417651919389887,1.8360747336973449,0.2484368706410947,2.929685174702739,0.2838908927491368
sa_rmsprop,302330,0.8859999999999999,0.014496255176472789,1.7731167814580835,0.22998470084318434,2.852193840346105,0.2710302639942094
sa_rmsprop,326660,0.889,0.01462632192074593,1.7152868159733716,0.21260262706975572,2.7222279398515075,0.26425541868086194
sa_rmsprop,352947,0.893,0.015059142664102021,1.6460323701152206,0.1945531632381104,2.688941388648564,0.2511221463211915
sa_rmsprop,381349,0.89,0.015008415147927019,1.6137758557516613,0.1837222007535136,2.5701154528161783,0.24278506513172887
sa_rmsprop,412037,0.897,0.014316410023451968,1.592414907633038,0.17632760885991614,2.4185690910233815,0.23178767177423482
sa_rmsprop,445194,0.893,0.014442851505016577,1.57737731596539,0.16567530285976664,2.3236360945708285,0.2197168764044919
sa_rmsprop,481020,0.892,0.013609266005634588,1.5580671900596657,0.15399215592829743,2.2570553564213913,0.22252832576694392
sa_rmsprop,519728,0.898,0.012790463619273527,1.5232234502964752,0.1355466334308706,2.2091639465354183,0.21375598242558755
sa_rmsprop,561552,0.9079999999999999,0.011693043775137111,1.504907467477819,0.12556183958825168,2.193474463249848,0.19725947817991238
sa_rmsprop,606741,0.904,0.011093723769352968,1.4743951146068202,0.11675298574380397,2.1197238220597714,0.18683508847949867
sa_rmsprop,655566,0.903,0.011499231419200295,1.450657785119228,0.10643338661019694,2.0261762015028855,0.1860640886170702
sa_rmsprop,708321,0.9,0.011009637651263606,1.4264687539429943,0.09782074828299497,1.9464689620960796,0.1846804939423757
sa_rmsprop,765321,0.902,0.011007802558717937,1.3776322983577014,0.0933732305686692,1.8895095574741416,0.16459532807969826
sa_rmsprop,826908,0.91,0.011415035273840825,1.3422573770105724,0.09155714842047026,1.9554224713142165,0.1571363004025243
sa_rmsprop,893451,0.9129999999999999,0.011428742783708172,1.310752374465601,0.08863307049752409,1.7897239351527288,0.15863071643462714
sa_rmsprop,965348,0.9229999999999999,0.009934634854737726,1.2575600849258202,0.08291155886824993,1.7801134479105023,0.14806651542613505
sa_rmsprop,1043032,0.935,0.009782999065065412,1.222368677564375,0.0803137763414216,1.7296516651419633,0.14365143139760353
sa_rmsprop,1126966,0.9309999999999999,0.010511657790041942,1.1643590054803419,0.07409550866744839,1.7544685911014453,0.13489601466649834
sa_rmsprop,1217656,0.934,0.00997167706227711,1.1171599246602375,0.07136672490531429,1.6732422383606156,0.12707886157158074
sa_rmsprop,1315643,0.9329999999999999,0.009954949025535493,1.1008902272035366,0.0716365079517518,1.5983453226847248,0.12404429393166964
sa_rmsprop,1421515,0.94,0.009320337272260424,1.0801123844494238,0.06933374047825516,1.585379243575494,0.12577868756167948
sa_rmsprop,1535907,0.94,0.008876253645985946,1.0644536650221104,0.06634364896316601,1.5169604776880548,0.11633002695003314
sa_rmsprop,1659504,0.938,0.009511290473150658,1.0343351183974756,0.06298646041275137,1.4898460114162042,0.11194666074765851
sa_rmsprop,1793047,0.938,0.008619920550853718,1.027601672094807,0.061233574998657635,1.4383343624983524,0.1068902348945699
sa_rmsprop,1937337,0.948,0.00784702221073431,1.030919855496026,0.05842921703701439,1.3973441321193532,0.10105979713500253
sa_rmsprop,2093238,0.945,0.008087276451565161,1.0355341579866109,0.0576750625432139,1.3515046794414345,0.09879012881731795
sa_rmsprop,2261685,0.946,0.007967104083338405,1.0191692248171271,0.058165435976798664,1.3567853726014218,0.09534119736557287
sa_rmsprop,2443687,0.9540000000000001,0.007577211981602561,1.0084112358860402,0.05821638380836822,1.3089144367339172,0.08429125010835813
sa_rmsprop,2640335,0.953,0.007843803447642763,1.002160282578618,0.0595459712480829,1.2538158046003955,0.07938215555749976
sa_rmsprop,2852807,0.9490000000000001,0.00834786611577286,1.0192134499261511,0.06016868352069492,1.1732711855708622,0.07630905879876484
sa_rmsprop,3082378,0.9420000000000001,0.00854932214218818,1.0353228828981222,0.060720812425415036,1.2028156342825944,0.07308397164074039
sa_rmsprop,3330423,0.9420000000000001,0.00854932214218818,1.047757182940221,0.05957757088039062,1.1884511701945748,0.07296396815504703
sa_rmsprop,3598428,0.9359999999999999,0.0091585363393278,1.075127971899703,0.05929256571919358,1.192218598498545,0.07463447362701786
sa_rmsprop,3888000,0.9390000000000001,0.008515582864088135,1.080449366472824,0.05889733358019293,1.1259961580142137,0.07312373186760798
sa_rmsprop,4200874,0.9309999999999999,0.009395356686828196,1.1380556910297301,0.06214526526358176,1.0934885653866357,0.06328246079140205
sa_rmsprop,4538926,0.9259999999999999,0.009808262853432314,1.1654465068586046,0.06456198852331634,1.076726625825881,0.06078063467465404
sa_rmsprop,4904182,0.93,0.009898474527915802,1.148616252802865,0.06538584330258425,1.0743251341202475,0.06392522835484439
sa_rmsprop,5298831,0.934,0.010072464715974212,1.122308211825807,0.06532848775540659,1.0416826169208913,0.06500791367306276
sa_rmsprop,5725237,0.932,0.009731755787475899,1.1350030029336258,0.06705560776435945,1.0146926925445607,0.061610683479043804
sa_rmsprop,6185958,0.929,0.009877532918986225,1.1456480276129184,0.0665659221384046,0.9921326053612227,0.054682758614285475
sa_rmsprop,6683753,0.925,0.00967919772950572,1.1693972447806193,0.0671936971953147,1.0016335179223932,0.04982510706794963
sa_rmsprop,7221607,0.92,0.009211323729436765,1.1892179685678579,0.06956615831873889,0.9548463408405639,0.05379217170709096
sa_rmsprop,7802743,0.917,0.009645745385422736,1.1785914749284754,0.06767942426685741,0.9185830823316546,0.05239491470192333
sa_rmsprop,8430644,0.93,0.008932971498777984,1.132559058563466,0.06652813126297505,0.9156531811968938,0.049317638705492856
sa_rmsprop,9109073,0.937,0.00872185227292386,1.1043532445621054,0.06290893554239424,0.914881191391175,0.04802961770403717
sa_rmsprop,9842097,0.932,0.009198155282776031,1.0989651090045989,0.06176976781720674,0.8513676377626866,0.0427614306430364
sa_rmsprop,10634108,0.934,0.00890125402582823,1.1033366203630963,0.060881594794680985,0.88901113901527,0.04506865898068305
sa_rmsprop,11489854,0.935,0.008804842561071297,1.0997405630383115,0.05544024764703541,0.8350340330329011,0.0409691775258927
sa_rmsprop,12414464,0.9420000000000001,0.007545150292028182,1.0659762638552837,0.052536903163466875,0.8381683715722997,0.04183433044955337
sa_rmsprop,13413478,0.9440000000000001,0.006863753427324666,1.066408371858522,0.05312640906125574,0.7954030722172452,0.035979909704018195
sa_rmsprop,14492886,0.948,0.0070323925839322595,1.0487638465821643,0.05152914710641606,0.7701594674416471,0.03299830992159044
sa_rmsprop,15659155,0.945,0.007159792333764035,1.0303356682192915,0.05153664029116193,0.7985108910182267,0.0400230674353466
sa_rmsprop,16919275,0.943,0.007420283421851623,1.0420452721930222,0.05420386758541875,0.76193444033301,0.03496165591550686
sa_rmsprop,18280800,0.9390000000000001,0.007371114795831991,1.0611282036340641,0.05428482233395173,0.7582631769397934,0.030529796341132943
sa_rmsprop,19751890,0.938,0.00788554488807325,1.0575980079565332,0.05278445687743881,0.731653897248554,0.036101605607745266
sa_rmsprop,21341360,0.937,0.007869516689688948,1.097434458861059,0.0516643573771838,0.7075803834626762,0.032664554556728946
sa_rmsprop,23058738,0.929,0.00832363071518843,1.0981492841912888,0.05261808308725328,0.7257890858891966,0.02957381751698799
sa_rmsprop,24914317,0.934,0.007550503361372737,1.0913955542649874,0.05608224926909687,0.7038431987139261,0.03462985034073804
sa_rmsprop,26919218,0.9329999999999999,0.008652085636341438,1.086003018063935,0.059345191500281155,0.6675122740689962,0.028737581884914144
sa_rmsprop,29085456,0.9390000000000001,0.008151965741742626,1.0531082888280496,0.055428933371763765,0.6995084107141358,0.028049980708798404
sa_rmsprop,31426016,0.938,0.007756391955130694,1.0474243191551438,0.053200519579250406,0.6755099701852519,0.02404351172369653
sa_rmsprop,33954925,0.934,0.00831452422759794,1.0601774316836474,0.053254023049678814,0.6692008289275095,0.023412280249254597
sa_rmsprop,36687339,0.94,0.007913675671030664,1.0542064626607257,0.055513436241917256,0.6514695803790308,0.02252681783559602
sa_rmsprop,39639636,0.943,0.007818005635787948,1.019296448300024,0.05727903264359365,0.6256222293166906,0.0254770585466714
sa_rmsprop,42829510,0.946,0.007577211981602561,1.0356043116735543,0.0557188172740243,0.6157171763657436,0.02408832946613014
sa_rmsprop,46276079,0.943,0.008196451560389909,1.031665868132219,0.05576675423011599,0.5919218859094066,0.021773751616734057
sa_rmsprop,49999999,0.9490000000000001,0.007316095442601369,1.0307313006136807,0.05411875464847016,0.573257457482883,0.021161022990136842
